 2,Eva,AC,01,2024,2400
 3,Julia,AC,01,2024,2500
 5,Alicia,IT,01,2024,2800
 6,Jorge,HR,01,2024,3200
 7,Anna,HR,01,2024,3160
 8,Maria,IT,01,2024,3800
 9,Adam,AC,01,2024,3900
 2,Eva,AC,02,2024,2450
 3,Julia,AC,02,2024,2550
 5,Alicia,IT,02,2024,2850
 6,Jorge,HR,02,2024,3250
 7,Anna,HR,02,2024,3180
 8,Maria,IT,02,2024,3890
 9,Adam,AC,02,2024,3610
 2,Eva,AC,03,2024,2350
 3,Julia,AC,03,2024,2750
 5,Alicia,IT,03,2024,2950
 6,Jorge,HR,03,2024,3150
 7,Anna,HR,03,2024,3050
 8,Maria,IT,03,2024,3790
 9,Adam,AC,03,2024,3810
 2,Eva,AC,01,2024,2400
 3,Julia,AC,01,2024,2500
 5,Alicia,IT,01,2024,2800
 6,Jorge,HR,01,2024,3200
 7,Anna,HR,01,2024,3160
 8,Maria,IT,01,2024,3800
 9,Adam,AC,01,2024,3900
 2,Eva,AC,02,2024,2450
 3,Julia,AC,02,2024,2550
 5,Alicia,IT,02,2024,2850
 6,Jorge,HR,02,2024,3250
 7,Anna,HR,02,2024,3180
 8,Maria,IT,02,2024,3890
 9,Adam,AC,02,2024,3610
 2,Eva,AC,03,2024,2350
 3,Julia,AC,03,2024,2750
 5,Alicia,IT,03,2024,2950
 6,Jorge,HR,03,2024,3150
 7,Anna,HR,03,2024,3050
 8,Maria,IT,03,2024,3790
 9,Adam,AC,03,2024,3810
 2,Eva,AC,01,2024,2400
 3,Julia,AC,01,2024,2500
 5,Alicia,IT,01,2024,2800
 6,Jorge,HR,01,2024,3200
 7,Anna,HR,01,2024,3160
 8,Maria,IT,01,2024,3800
 9,Adam,AC,01,2024,3900
 2,Eva,AC,02,2024,2450
 3,Julia,AC,02,2024,2550
 5,Alicia,IT,02,2024,2850
 6,Jorge,HR,02,2024,3250
 7,Anna,HR,02,2024,3180
 8,Maria,IT,02,2024,3890
 9,Adam,AC,02,2024,3610
 2,Eva,AC,03,2024,2350
 3,Julia,AC,03,2024,2750
 5,Alicia,IT,03,2024,2950
 6,Jorge,HR,03,2024,3150
 7,Anna,HR,03,2024,3050
 8,Maria,IT,03,2024,3790
 9,Adam,AC,03,2024,3810
 2,Eva,AC,01,2024,2400
 3,Julia,AC,01,2024,2500
 4,Marisol,AC,01,2024,3600
 5,Alicia,IT,01,2024,2800
 6,Jorge,HR,01,2024,3200
 7,Anna,HR,01,2024,3160
 8,Maria,IT,01,2024,3800
 9,Adam,AC,01,2024,3900
 2,Eva,AC,02,2024,2450
 3,Julia,AC,02,2024,2550
 4,Marisol,AC,02,2024,3650
 5,Alicia,IT,02,2024,2850
 6,Jorge,HR,02,2024,3250
 7,Anna,HR,02,2024,3180
 8,Maria,IT,02,2024,3890
 9,Adam,AC,02,2024,3610
 2,Eva,AC,03,2024,2350
 3,Julia,AC,03,2024,2750
 4,Marisol,AC,03,2024,3450
 5,Alicia,IT,03,2024,2950
 6,Jorge,HR,03,2024,3150
 7,Anna,HR,03,2024,3050
 8,Maria,IT,03,2024,3790
 9,Adam,AC,03,2024,3810
 2,Eva,AC,01,2024,2400
 3,Julia,AC,01,2024,2500
 4,Marisol,AC,01,2024,3600
 5,Alicia,IT,01,2024,2800
 6,Jorge,HR,01,2024,3200
 7,Anna,HR,01,2024,3160
 8,Maria,IT,01,2024,3800
 9,Adam,AC,01,2024,3900
 2,Eva,AC,02,2024,2450
 3,Julia,AC,02,2024,2550
 4,Marisol,AC,02,2024,3650
 5,Alicia,IT,02,2024,2850
 6,Jorge,HR,02,2024,3250
 7,Anna,HR,02,2024,3180
 8,Maria,IT,02,2024,3890
 9,Adam,AC,02,2024,3610
 2,Eva,AC,03,2024,2350
 3,Julia,AC,03,2024,2750
 4,Marisol,AC,03,2024,3450
 5,Alicia,IT,03,2024,2950
 6,Jorge,HR,03,2024,3150
 7,Anna,HR,03,2024,3050
 8,Maria,IT,03,2024,3790
 9,Adam,AC,03,2024,3810
 2,Eva,AC,01,2024,2400
 3,Julia,AC,01,2024,2500
 4,Marisol,AC,01,2024,3600
 5,Alicia,IT,01,2024,2800
 6,Jorge,HR,01,2024,3200
 7,Anna,HR,01,2024,3160
 8,Maria,IT,01,2024,3800
 9,Adam,AC,01,2024,3900
 2,Eva,AC,02,2024,2450
 3,Julia,AC,02,2024,2550
 4,Marisol,AC,02,2024,3650
 5,Alicia,IT,02,2024,2850
 6,Jorge,HR,02,2024,3250
 7,Anna,HR,02,2024,3180
 8,Maria,IT,02,2024,3890
 9,Adam,AC,02,2024,3610
 2,Eva,AC,03,2024,2350
 3,Julia,AC,03,2024,2750
 4,Marisol,AC,03,2024,3450
 5,Alicia,IT,03,2024,2950
 6,Jorge,HR,03,2024,3150
 7,Anna,HR,03,2024,3050
 8,Maria,IT,03,2024,3790
 9,Adam,AC,03,2024,3810
 2,Eva,AC,01,2024,2400
 3,Julia,AC,01,2024,2500
 4,Marisol,AC,01,2024,3600
 5,Alicia,IT,01,2024,2800
 6,Jorge,HR,01,2024,3200
 7,Anna,HR,01,2024,3160
 8,Maria,IT,01,2024,3800
 9,Adam,AC,01,2024,3900
 2,Eva,AC,02,2024,2450
 3,Julia,AC,02,2024,2550
 4,Marisol,AC,02,2024,3650
 5,Alicia,IT,02,2024,2850
 6,Jorge,HR,02,2024,3250
 7,Anna,HR,02,2024,3180
 8,Maria,IT,02,2024,3890
 9,Adam,AC,02,2024,3610
 2,Eva,AC,03,2024,2350
 3,Julia,AC,03,2024,2750
 4,Marisol,AC,03,2024,3450
 5,Alicia,IT,03,2024,2950
 6,Jorge,HR,03,2024,3150
 7,Anna,HR,03,2024,3050
 8,Maria,IT,03,2024,3790
 9,Adam,AC,03,2024,3810
 2,Eva,AC,01,2024,2400
 3,Julia,AC,01,2024,2500
 4,Marisol,AC,01,2024,3600
 5,Alicia,IT,01,2024,2800
 6,Jorge,HR,01,2024,3200
 7,Anna,HR,01,2024,3160
 8,Maria,IT,01,2024,3800
 9,Adam,AC,01,2024,3900
 2,Eva,AC,02,2024,2450
 3,Julia,AC,02,2024,2550
 4,Marisol,AC,02,2024,3650
 5,Alicia,IT,02,2024,2850
 6,Jorge,HR,02,2024,3250
 7,Anna,HR,02,2024,3180
 8,Maria,IT,02,2024,3890
 9,Adam,AC,02,2024,3610
 2,Eva,AC,03,2024,2350
 3,Julia,AC,03,2024,2750
 4,Marisol,AC,03,2024,3450
 5,Alicia,IT,03,2024,2950
 6,Jorge,HR,03,2024,3150
 7,Anna,HR,03,2024,3050
 8,Maria,IT,03,2024,3790
 9,Adam,AC,03,2024,3810
John,IT,01,2024,2600
Eva,AC,01,2024,2400
Julia,AC,01,2024,2500
Marisol,AC,01,2024,3600
Alicia,IT,01,2024,2800
Jorge,HR,01,2024,3200
Anna,HR,01,2024,3160
Maria,IT,01,2024,3800
Adam,AC,01,2024,3900
John,IT,02,2024,2650
Eva,AC,02,2024,2450
Julia,AC,02,2024,2550
Marisol,AC,02,2024,3650
Alicia,IT,02,2024,2850
Jorge,HR,02,2024,3250
Anna,HR,02,2024,3180
Maria,IT,02,2024,3890
Adam,AC,02,2024,3610
John,IT,03,2024,2650
Eva,AC,03,2024,2350
Julia,AC,03,2024,2750
Marisol,AC,03,2024,3450
Alicia,IT,03,2024,2950
Jorge,HR,03,2024,3150
Anna,HR,03,2024,3050
Maria,IT,03,2024,3790
Adam,AC,03,2024,3810
John,IT,01,2024,2600
Eva,AC,01,2024,2400
Julia,AC,01,2024,2500
Marisol,AC,01,2024,3600
Alicia,IT,01,2024,2800
Jorge,HR,01,2024,3200
Anna,HR,01,2024,3160
Maria,IT,01,2024,3800
Adam,AC,01,2024,3900
John,IT,02,2024,2650
Eva,AC,02,2024,2450
Julia,AC,02,2024,2550
Marisol,AC,02,2024,3650
Alicia,IT,02,2024,2850
Jorge,HR,02,2024,3250
Anna,HR,02,2024,3180
Maria,IT,02,2024,3890
Adam,AC,02,2024,3610
John,IT,03,2024,2650
Eva,AC,03,2024,2350
Julia,AC,03,2024,2750
Marisol,AC,03,2024,3450
Alicia,IT,03,2024,2950
Jorge,HR,03,2024,3150
Anna,HR,03,2024,3050
Maria,IT,03,2024,3790
Adam,AC,03,2024,3810
John,IT,01,2024,2600
Eva,AC,01,2024,2400
Julia,AC,01,2024,2500
Marisol,AC,01,2024,3600
Alicia,IT,01,2024,2800
Jorge,HR,01,2024,3200
Anna,HR,01,2024,3160
Maria,IT,01,2024,3800
Adam,AC,01,2024,3900
John,IT,02,2024,2650
Eva,AC,02,2024,2450
Julia,AC,02,2024,2550
Marisol,AC,02,2024,3650
Alicia,IT,02,2024,2850
Jorge,HR,02,2024,3250
Anna,HR,02,2024,3180
Maria,IT,02,2024,3890
Adam,AC,02,2024,3610
John,IT,03,2024,2650
Eva,AC,03,2024,2350
Julia,AC,03,2024,2750
Marisol,AC,03,2024,3450
Alicia,IT,03,2024,2950
Jorge,HR,03,2024,3150
Anna,HR,03,2024,3050
Maria,IT,03,2024,3790
Adam,AC,03,2024,3810
John,IT,01,2024,2600
Eva,AC,01,2024,2400
Julia,AC,01,2024,2500
Marisol,AC,01,2024,3600
Alicia,IT,01,2024,2800
Jorge,HR,01,2024,3200
Anna,HR,01,2024,3160
Maria,IT,01,2024,3800
Adam,AC,01,2024,3900
John,IT,02,2024,2650
Eva,AC,02,2024,2450
Julia,AC,02,2024,2550
Marisol,AC,02,2024,3650
Alicia,IT,02,2024,2850
Jorge,HR,02,2024,3250
Anna,HR,02,2024,3180
Maria,IT,02,2024,3890
Adam,AC,02,2024,3610
John,IT,03,2024,2650
Eva,AC,03,2024,2350
Julia,AC,03,2024,2750
Marisol,AC,03,2024,3450
Alicia,IT,03,2024,2950
Jorge,HR,03,2024,3150
Anna,HR,03,2024,3050
Maria,IT,03,2024,3790
Adam,AC,03,2024,3810
John,IT,01,2024,2600
Eva,AC,01,2024,2400
Julia,AC,01,2024,2500
Marisol,AC,01,2024,3600
Alicia,IT,01,2024,2800
Jorge,HR,01,2024,3200
Anna,HR,01,2024,3160
Maria,IT,01,2024,3800
Adam,AC,01,2024,3900
John,IT,02,2024,2650
Eva,AC,02,2024,2450
Julia,AC,02,2024,2550
Marisol,AC,02,2024,3650
Alicia,IT,02,2024,2850
Jorge,HR,02,2024,3250
Anna,HR,02,2024,3180
Maria,IT,02,2024,3890
Adam,AC,02,2024,3610
John,IT,03,2024,2650
Eva,AC,03,2024,2350
Julia,AC,03,2024,2750
Marisol,AC,03,2024,3450
Alicia,IT,03,2024,2950
Jorge,HR,03,2024,3150
Anna,HR,03,2024,3050
Maria,IT,03,2024,3790
Adam,AC,03,2024,3810
John,IT,01,2024,2600
Eva,AC,01,2024,2400
Julia,AC,01,2024,2500
Marisol,AC,01,2024,3600
Alicia,IT,01,2024,2800
Jorge,HR,01,2024,3200
Anna,HR,01,2024,3160
Maria,IT,01,2024,3800
Adam,AC,01,2024,3900
John,IT,02,2024,2650
Eva,AC,02,2024,2450
Julia,AC,02,2024,2550
Marisol,AC,02,2024,3650
Alicia,IT,02,2024,2850
Jorge,HR,02,2024,3250
Anna,HR,02,2024,3180
Maria,IT,02,2024,3890
Adam,AC,02,2024,3610
John,IT,03,2024,2650
Eva,AC,03,2024,2350
Julia,AC,03,2024,2750
Marisol,AC,03,2024,3450
Alicia,IT,03,2024,2950
Jorge,HR,03,2024,3150
Anna,HR,03,2024,3050
Maria,IT,03,2024,3790
Adam,AC,03,2024,3810
John,IT,01,2024,2600
Eva,AC,01,2024,2400
Julia,AC,01,2024,2500
Marisol,AC,01,2024,3600
Alicia,IT,01,2024,2800
Jorge,HR,01,2024,3200
Anna,HR,01,2024,3160
Maria,IT,01,2024,3800
Adam,AC,01,2024,3900
John,IT,02,2024,2650
Eva,AC,02,2024,2450
Julia,AC,02,2024,2550
Marisol,AC,02,2024,3650
Alicia,IT,02,2024,2850
Jorge,HR,02,2024,3250
Anna,HR,02,2024,3180
Maria,IT,02,2024,3890
Adam,AC,02,2024,3610
John,IT,03,2024,2650
Eva,AC,03,2024,2350
Julia,AC,03,2024,2750
Marisol,AC,03,2024,3450
Alicia,IT,03,2024,2950
Jorge,HR,03,2024,3150
Anna,HR,03,2024,3050
Maria,IT,03,2024,3790
Adam,AC,03,2024,3810
